{"mode_3": {"displacements": [-1.0, -0.9, -0.8, -0.7, -0.6, -0.5, -0.3999999999999999, -0.29999999999999993, -0.19999999999999996, -0.09999999999999998, 0.0, 0.10000000000000009, 0.20000000000000018, 0.30000000000000004, 0.40000000000000013, 0.5, 0.6000000000000001, 0.7000000000000002, 0.8, 0.9000000000000001, 1.0], "ground_energies": [-126.8296215416801, -126.82961865279964, -126.82961535228091, -126.82961166103796, -126.82960759754887, -126.8296031778443, -126.82959841549749, -126.82959332161606, -126.82958790483525, -126.82958217131221, -126.82957612472278, -126.82956976625869, -126.82956309462728, -126.8295561060519, -126.82954879427479, -126.82954115056036, -126.82953316370126, -126.82952482002466, -126.82951610340115, -126.82950699525473, -126.82949747457383], "transition_energies": [0.0695089820907995, 0.06950795305784849, 0.06950691727493692, 0.06950587476572809, 0.06950482555318753, 0.06950376965959786, 0.06950270710653594, 0.0695016379148937, 0.06950056210486531, 0.06949947969594586, 0.06949839070693717, 0.06949729515594483, 0.06949619306037462, 0.06949508443693517, 0.06949396930164328, 0.06949284766981333, 0.06949171955606197, 0.06949058497431178, 0.06948944393778796, 0.06948829645902176, 0.06948714254984395], "excited_energies": [-126.7601125595893, -126.76011069974179, -126.76010843500598, -126.76010578627223, -126.76010277199569, -126.7600994081847, -126.76009570839095, -126.76009168370116, -126.76008734273039, -126.76008269161626, -126.76007773401584, -126.76007247110275, -126.7600669015669, -126.76006102161496, -126.76005482497314, -126.76004830289055, -126.7600414441452, -126.76003423505034, -126.76002665946336, -126.7600186987957, -126.76001033202398], "q_coords": [-2.4447782349083664, -2.200300411417532, -1.9558225879266957, -1.71134476443586, -1.4668669409450164, -1.2223891174541839, -0.9779112939633421, -0.733433470472512, -0.48895564698167426, -0.24447782349083647, 0.0, 0.24447782349083705, 0.4889556469816745, 0.7334334704725118, 0.9779112939633435, 1.2223891174541839, 1.4668669409450168, 1.7113447644358597, 1.9558225879266957, 2.200300411417532, 2.444778234908367], "g_min": -4.581510558980079, "e_min": -3.8513274536702533, "hrf": 0.2665836836399499, "wavenumber": 51.928387, "frequency": 0.0015567738778705248}, "mode_4": {"displacements": [-1.0, -0.9, -0.8, -0.7, -0.6, -0.5, -0.3999999999999999, -0.29999999999999993, -0.19999999999999996, -0.09999999999999998, 0.0, 0.10000000000000009, 0.20000000000000018, 0.30000000000000004, 0.40000000000000013, 0.5, 0.6000000000000001, 0.7000000000000002, 0.8, 0.9000000000000001, 1.0], "ground_energies": [-126.82933409216149, -126.82939154015602, -126.82943618173356, -126.82947051026709, -126.82949677433149, -126.82951696036162, -126.8295327771859, -126.82954564261519, -126.82955667224444, -126.82956667059763, -126.82957612472278, -126.82958520031288, -126.82959374039906, -126.82960126663205, -126.82960698313542, -126.82960978288624, -126.82960825654473, -126.8296007036292, -126.82958514590455, -126.82955934282556, -126.82952080885872], "transition_energies": [0.06947816721479992, 0.06948025667324602, 0.06948232997755356, 0.06948438766389169, 0.06948643022929972, 0.06948845813055109, 0.06949047178304377, 0.06949247155971995, 0.06949445779006758, 0.06949643075918038, 0.06949839070693717, 0.06950033782726832, 0.0695022722675597, 0.06950419412816908, 0.06950610346207721, 0.06950800027465927, 0.0695098845235982, 0.06951175611889249, 0.06951361492299292, 0.06951546075102441, 0.06951729337109433], "excited_energies": [-126.75985592494669, -126.75991128348278, -126.759953851756, -126.7599861226032, -126.76001034410218, -126.76002850223107, -126.76004230540286, -126.76005317105546, -126.76006221445436, -126.76007023983844, -126.76007773401584, -126.76008486248561, -126.7600914681315, -126.76009707250388, -126.76010087967335, -126.76010178261159, -126.76009837202113, -126.7600889475103, -126.76007153098155, -126.76004388207454, -126.76000351548763], "q_coords": [-2.0019857010763444, -1.8017871309687115, -1.6015885608610732, -1.401389990753436, -1.2011914206458145, -1.0009928505381713, -0.800794280430536, -0.6005957103229033, -0.40039714021527234, -0.2001985701076313, 0.0, 0.2001985701076319, 0.40039714021527595, 0.6005957103229036, 0.8007942804305366, 1.000992850538171, 1.2011914206458143, 1.4013899907534368, 1.6015885608610734, 1.8017871309687112, 2.0019857010763444], "g_min": 0.6631645573774843, "e_min": 0.526372398934945, "hrf": 0.009356047305684378, "wavenumber": 54.333979, "frequency": 0.001628891711733038}, "mode_5": {"displacements": [-1.0, -0.9, -0.8, -0.7, -0.6, -0.5, -0.3999999999999999, -0.29999999999999993, -0.19999999999999996, -0.09999999999999998, 0.0, 0.10000000000000009, 0.20000000000000018, 0.30000000000000004, 0.40000000000000013, 0.5, 0.6000000000000001, 0.7000000000000002, 0.8, 0.9000000000000001, 1.0], "ground_energies": [-126.82959586349824, -126.82959680563776, -126.82959696917086, -126.82959641553562, -126.82959519911758, -126.82959336718575, -126.82959095983624, -126.82958800994517, -126.82958454312957, -126.82958057771671, -126.82957612472278, -126.82957118783948, -126.82956576342964, -126.82955984053172, -126.82955340087261, -126.82954641888927, -126.82953886175933, -126.82953068943971, -126.82952185471402, -126.82951230324862, -126.82950197365658], "transition_energies": [0.06948938710672516, 0.06949033173799124, 0.06949126648694476, 0.06949219137214392, 0.06949310641103937, 0.06949401161995844, 0.06949490701409791, 0.06949579260752231, 0.0694966684131503, 0.06949753444275075, 0.06949839070693717, 0.06949923721516027, 0.06950007397570215, 0.06950090099567498, 0.06950171828101202, 0.0695025258364633, 0.0695033236655988, 0.0695041117707966, 0.06950489015324689, 0.06950565881294499, 0.0695064177486953], "excited_energies": [-126.76010647639151, -126.76010647389977, -126.76010570268392, -126.76010422416347, -126.76010209270653, -126.7600993555658, -126.76009605282213, -126.76009221733764, -126.76008787471642, -126.76008304327397, -126.76007773401584, -126.76007195062432, -126.76006568945394, -126.76005893953604, -126.7600516825916, -126.7600438930528, -126.76003553809373, -126.76002657766891, -126.76001696456078, -126.76000664443568, -126.75999555590788], "q_coords": [-2.6516513111474085, -2.386486180032666, -2.1213210489179297, -1.8561559178031772, -1.5909907866884434, -1.3258256555737071, -1.0606605244589593, -0.795495393344221, -0.5303302622294815, -0.265165131114738, 0.0, 0.265165131114738, 0.5303302622294817, 0.7954953933442214, 1.0606605244589598, 1.3258256555737076, 1.5909907866884438, 1.8561559178031777, 2.1213210489179293, 2.386486180032666, 2.6516513111474085], "g_min": -2.3042977568446252, "e_min": -2.7723465399195115, "hrf": 0.10953483166894099, "wavenumber": 64.261645, "frequency": 0.0019265156509673412}}